configuration,fold,accuracy,balanced_accuracy,f1_macro,f1_weighted,mcc,kappa,recall_Normal,recall_Reconnaissance,recall_Backdoor,recall_DoS,recall_Exploits,recall_Analysis,recall_Fuzzers,recall_Worms,recall_Shellcode,recall_Generic
k-NN,1,0.7941115595570734,0.55082302279003,0.5434848217589869,0.8039836151272913,0.7405990231139268,0.7368046901366422,0.8788530465949821,0.6587225929456625,0.07428571428571429,0.7145187601957586,0.5895209580838323,0.13930348258706468,0.6826182618261826,0.15384615384615385,0.6371681415929203,0.9793931159420289
k-NN,2,0.8005795301666149,0.5607895028042735,0.5627325140159543,0.8098731946200204,0.7479282516037391,0.7447017126544826,0.8840143369175627,0.6663489037178265,0.07428571428571429,0.6949429037520392,0.6182634730538922,0.12935323383084577,0.6985698569856986,0.3076923076923077,0.5575221238938053,0.9769021739130435
k-NN,3,0.794835972265342,0.5555271437719898,0.5518818657971649,0.8052126318005476,0.7411622957236611,0.7375727535470685,0.8804301075268817,0.6701620591039085,0.09142857142857143,0.6933115823817292,0.5953878406708596,0.18,0.6833424958768554,0.23076923076923078,0.5526315789473685,0.9778079710144928
k-NN,4,0.7964917727413847,0.5438019006781378,0.5376607321198206,0.8059535839202993,0.7423098486095338,0.7394276589397387,0.879426523297491,0.661582459485224,0.09714285714285714,0.6691116544417278,0.6232404911650195,0.125,0.6811434854315558,0.15384615384615385,0.5701754385964912,0.9773499433748585
k-NN,5,0.7936458656731864,0.5472889589005842,0.5446159558649548,0.8031022530027413,0.7391635025105026,0.7358408499147804,0.8801433691756272,0.6301239275500476,0.08620689655172414,0.7017114914425427,0.6145552560646901,0.10945273631840796,0.6652006597031336,0.3076923076923077,0.5,0.9778029445073613
k-NN,6,0.7919793014230272,0.5464889292140531,0.5459468954686997,0.8020998816869472,0.7383019881462952,0.7343080575404071,0.8689605734767025,0.6444232602478551,0.05747126436781609,0.7294213528932355,0.6025756214435459,0.14925373134328357,0.680043980208906,0.15384615384615385,0.6017699115044248,0.977123442808607
k-NN,7,0.7941526520051746,0.5512386724715694,0.5404145543583068,0.803996096257756,0.7398724515870339,0.7366012287019021,0.8791397849462366,0.6453765490943756,0.06896551724137931,0.6886715566422168,0.6094639113507038,0.13432835820895522,0.6756459593183067,0.23076923076923078,0.6017699115044248,0.9782559456398641
k-NN,8,0.7941526520051746,0.5380244530406787,0.5333883618343622,0.8035494455016648,0.7400226370478954,0.7366460694886163,0.8761290322580645,0.6406101048617732,0.06285714285714286,0.7025264873675632,0.6190476190476191,0.10945273631840796,0.687018701870187,0.15384615384615385,0.5575221238938053,0.9712344280860702
k-NN,9,0.7957050452781371,0.5479278268440211,0.542002936586073,0.8045795715758542,0.7421120566382281,0.7384824955881255,0.8824372759856631,0.6596758817921831,0.05714285714285714,0.7185970636215334,0.5979041916167664,0.11940298507462686,0.6771177117711771,0.23076923076923078,0.5575221238938053,0.978708946772367
k-NN,10,0.793065976714101,0.5381830298929323,0.5343427891355043,0.8033016514940059,0.7394019871837093,0.7354474971936045,0.8821505376344086,0.674928503336511,0.08,0.7210440456769984,0.5847305389221557,0.11442786069651742,0.6732673267326733,0.15384615384615385,0.5221238938053098,0.9753114382785957
k-NN + SMOTE,1,0.7894028769533271,0.5846728367451867,0.5353055675849292,0.800352122506022,0.7366480661988725,0.7317744714820184,0.876415770609319,0.7311725452812202,0.06857142857142857,0.7430668841761827,0.5341317365269461,0.15422885572139303,0.676017601760176,0.38461538461538464,0.6991150442477876,0.9793931159420289
k-NN + SMOTE,2,0.7954051536789817,0.5910730341206654,0.5406133940667401,0.8057118089684283,0.7432587766214043,0.73897943495539,0.8830107526881721,0.7292659675881792,0.08,0.7251223491027733,0.5607784431137725,0.15920398009950248,0.6925192519251925,0.5384615384615384,0.5663716814159292,0.9759963768115942
k-NN + SMOTE,3,0.7889889268343164,0.5948203783084487,0.5420240774107998,0.8001301270638306,0.7355604883817175,0.7309917076735315,0.8779928315412187,0.7378455672068637,0.08571428571428572,0.7153344208809136,0.5387840670859538,0.215,0.6739967014843321,0.5384615384615384,0.5877192982456141,0.9773550724637681
k-NN + SMOTE,4,0.7921452964917728,0.5783230407441324,0.5362143295004846,0.8028048326235423,0.7386600821420527,0.734765212632805,0.8781362007168458,0.7368922783603432,0.09714285714285714,0.700081499592502,0.5651392632524708,0.145,0.6767454645409565,0.38461538461538464,0.6228070175438597,0.9766704416761042
k-NN + SMOTE,5,0.7887819517748111,0.5796136009508069,0.5308264272261112,0.7997053473308133,0.7348698842265884,0.7305780060416522,0.8779928315412187,0.6939942802669209,0.09195402298850575,0.7286063569682152,0.555256064690027,0.13930348258706468,0.6646509070918087,0.46153846153846156,0.6052631578947368,0.9775764439411099
k-NN + SMOTE,6,0.7848382923673998,0.5763781016222654,0.5337595270559599,0.7958903187872721,0.7313512080332778,0.7261176952073283,0.8675268817204301,0.7092469018112488,0.06896551724137931,0.7620211898940505,0.5375861036238395,0.16417910447761194,0.6646509070918087,0.38461538461538464,0.6283185840707964,0.9766704416761042
k-NN + SMOTE,7,0.7890815006468306,0.5739263113437405,0.5300571133022092,0.7998474661358769,0.735288833088014,0.7309218936819706,0.8797132616487455,0.7054337464251669,0.06896551724137931,0.7171964140179299,0.5486672656483977,0.16417910447761194,0.6734469488730072,0.38461538461538464,0.6194690265486725,0.9775764439411099
k-NN + SMOTE,8,0.7880465717981888,0.5806264954393091,0.530201670379548,0.7994647617993853,0.7341923956257501,0.7298981427671924,0.8738351254480287,0.7082936129647283,0.09714285714285714,0.7269763651181744,0.5573525007487271,0.13930348258706468,0.6776677667766776,0.46153846153846156,0.5929203539823009,0.9712344280860702
k-NN + SMOTE,9,0.7891332470892626,0.5775917892823809,0.5300533899537518,0.7999694697649642,0.7355786479679143,0.7309935456999751,0.8818637992831542,0.7111534795042898,0.06285714285714286,0.7275693311582382,0.5422155688622754,0.15920398009950248,0.6644664466446645,0.38461538461538464,0.6637168141592921,0.9782559456398641
k-NN + SMOTE,10,0.7883053040103493,0.5764591106221868,0.5302270012978741,0.7986025771992851,0.7352613571033549,0.7301548121486616,0.8815770609318997,0.7244995233555768,0.08,0.7544861337683524,0.5290419161676647,0.12935323383084577,0.6721672167216721,0.46153846153846156,0.5575221238938053,0.9744054360135901
tree,1,0.7796233053917003,0.6627338380070144,0.6010077333741599,0.7955242839395426,0.7302601945612073,0.7227656130665834,0.7965591397849462,0.7435653002859867,0.08571428571428572,0.799347471451876,0.5595808383233533,0.24875621890547264,0.7618261826182618,0.8461538461538461,0.8053097345132744,0.9805253623188406
tree,2,0.7836593190520542,0.6558989581248964,0.6019401076429196,0.7996625795726728,0.7345846870576943,0.727745001085135,0.8007168458781362,0.7740705433746425,0.08571428571428572,0.7911908646003263,0.5760479041916168,0.3034825870646766,0.7568756875687569,0.7692307692307693,0.7256637168141593,0.9759963768115942
tree,3,0.7752768291420884,0.6513928059716804,0.5921357300904653,0.791977105655773,0.7253130197342228,0.717724851789251,0.7875268817204301,0.7483317445185891,0.10857142857142857,0.8001631321370309,0.5582509733453129,0.27,0.7581088510170423,0.7692307692307693,0.7368421052631579,0.9769021739130435
tree,4,0.7842285004656939,0.6667184205875254,0.5907168980817852,0.8005654800559655,0.73512125055797,0.7284754662695032,0.7995698924731183,0.7664442326024785,0.09714285714285714,0.8003259983700082,0.5846061695118299,0.335,0.7410665200659703,0.8461538461538461,0.7192982456140351,0.9775764439411099
tree,5,0.7931284280244231,0.6144013728652786,0.5703697849565611,0.8057816233255904,0.7416477402004032,0.7368265811605951,0.861505376344086,0.7521448999046711,0.1206896551724138,0.8092909535452323,0.5714285714285714,0.23383084577114427,0.6371632765255635,0.46153846153846156,0.7192982456140351,0.977123442808607
tree,6,0.7760931435963777,0.6518737721368335,0.5824063344385749,0.7928348021683471,0.7264547855405311,0.7186862887002855,0.7855197132616487,0.7321258341277407,0.10344827586206896,0.8133659331703341,0.5663372267145852,0.2885572139303483,0.7564595931830677,0.7692307692307693,0.7256637168141593,0.9780294450736127
tree,7,0.7889262613195342,0.6659652583403552,0.5917253117609458,0.8025775719072691,0.7377737127137076,0.7324417678033962,0.8404301075268817,0.7426120114394662,0.09195402298850575,0.7929910350448248,0.568733153638814,0.30845771144278605,0.6745464540956569,0.8461538461538461,0.8141592920353983,0.9796149490373726
tree,8,0.790012936610608,0.6527438230814134,0.6032398359431864,0.8036374816148374,0.7391344742437836,0.7337100800226493,0.8422939068100358,0.7416587225929456,0.12571428571428572,0.8133659331703341,0.5738244983528002,0.263681592039801,0.6826182618261826,0.7692307692307693,0.7433628318584071,0.9716874292185731
tree,9,0.7789391979301423,0.6418222345559238,0.5783634521994436,0.794425387600182,0.7292837577924605,0.7219525273524204,0.7931182795698924,0.7340324118207817,0.09142857142857143,0.8091353996737357,0.5646706586826348,0.22388059701492538,0.7728272827282728,0.7692307692307693,0.6814159292035398,0.9784824462061155
tree,10,0.779974126778784,0.6525723617487122,0.5810028137928289,0.7944673774930956,0.7285102734658602,0.7218213400409466,0.8285304659498208,0.7435653002859867,0.08571428571428572,0.8246329526916802,0.5374251497005988,0.23880597014925373,0.687018701870187,0.9230769230769231,0.6814159292035398,0.9755379388448471
tree + SMOTE,1,0.7728448721929008,0.6103319574029691,0.5652130022232429,0.789841991172815,0.7226875350950503,0.7146625748672765,0.7866666666666666,0.6987607244995233,0.21142857142857144,0.800978792822186,0.5482035928143713,0.1890547263681592,0.7783278327832783,0.38461538461538464,0.7256637168141593,0.9796195652173914
tree + SMOTE,2,0.7889371830694402,0.6250317331316602,0.5784288564195235,0.8021573877930808,0.7368427765922647,0.7318806594305407,0.8451612903225807,0.6825548141086749,0.21142857142857144,0.8083197389885808,0.5823353293413174,0.12935323383084577,0.6859185918591859,0.6923076923076923,0.6371681415929203,0.9757699275362319
tree + SMOTE,3,0.7844872192900756,0.6164162322538088,0.5685189865039415,0.7985514160415388,0.732215448086244,0.726664300669198,0.8387096774193549,0.7311725452812202,0.16,0.7936378466557912,0.5618448637316562,0.205,0.6739967014843321,0.5384615384615384,0.6842105263157895,0.9771286231884058
tree + SMOTE,4,0.7878505640070371,0.6347806430043079,0.5665579578602821,0.8005160417721635,0.7355553041789961,0.7307156941916444,0.8395698924731183,0.7616777883698761,0.17714285714285713,0.7954360228198859,0.5798143156633723,0.12,0.6602528862012095,0.6923076923076923,0.7456140350877193,0.97599093997735
tree + SMOTE,5,0.7798302804512056,0.5978482562776843,0.5482902364523883,0.7948540917757984,0.7268624396178087,0.7212265322967477,0.8289605734767025,0.6644423260247855,0.15517241379310345,0.8052159739201304,0.5678346810422282,0.19900497512437812,0.6882902693787796,0.46153846153846156,0.631578947368421,0.9764439411098528
tree + SMOTE,6,0.7866494178525226,0.6309580136772868,0.5732763225411797,0.7981245024517034,0.732375581557586,0.7278020228678281,0.8672401433691757,0.7016205910390848,0.1896551724137931,0.8027709861450693,0.567235699311171,0.16417910447761194,0.5893347993402969,0.7692307692307693,0.6814159292035398,0.9768969422423556
tree + SMOTE,7,0.786235446313066,0.6380450442104108,0.5670182173200389,0.7999524187749079,0.7346047553523535,0.7288498606594975,0.843584229390681,0.6978074356530028,0.15517241379310345,0.8133659331703341,0.5564540281521414,0.20398009950248755,0.6761957119296317,0.6923076923076923,0.7610619469026548,0.9805209513023783
tree + SMOTE,8,0.7872186287192755,0.6523251981689755,0.5644638994379159,0.8002612973647025,0.7350999852120498,0.729670698629809,0.8544802867383513,0.6949475691134414,0.2742857142857143,0.8231458842705787,0.5588499550763701,0.10945273631840796,0.6534653465346535,0.7692307692307693,0.8141592920353983,0.9712344280860702
tree + SMOTE,9,0.7821992238033635,0.6129998485880737,0.5568268190832215,0.7953932908041585,0.728930628998531,0.723341469029277,0.8444444444444444,0.6959008579599618,0.21714285714285714,0.8205546492659054,0.5505988023952095,0.14427860696517414,0.6523652365236524,0.6153846153846154,0.6106194690265486,0.978708946772367
tree + SMOTE,10,0.7783182406209573,0.5899555516361308,0.5577048893457308,0.7942597212564425,0.7286392937566762,0.7207705494742332,0.8097491039426523,0.7340324118207817,0.12571428571428572,0.8254486133768353,0.537125748502994,0.18407960199004975,0.753025302530253,0.3076923076923077,0.6460176991150443,0.9766704416761042
