alpha,max_depth,min_samples_leaf,criterion,ccp_alpha,bal_mean,bal_std,f1_mean,f1_std,fit_seconds,predict_seconds
0.75,13.0,2,entropy,1e-05,0.6356758222353359,0.018737250466666286,0.5585094581477575,0.008845042139248985,1.4164506017999883,0.017944782599897735
0.75,13.0,2,entropy,1e-06,0.6356020940611085,0.01885968173426661,0.5584641205821084,0.008925949831519507,1.4475687518000087,0.021021872999881452
0.75,13.0,2,entropy,0.0,0.6356020940611085,0.01885968173426661,0.5584641205821084,0.008925949831519507,1.265329309399931,0.01883135139996739
0.625,13.0,2,entropy,1e-05,0.6239318164693335,0.016814777614010956,0.5584628403697239,0.007676925455545057,1.3630023407999943,0.018352278199972715
0.625,13.0,2,entropy,0.0,0.6239562623126315,0.016885018684983762,0.5584553603252578,0.007722367642541491,1.2677402458000415,0.01866795639994052
0.625,13.0,2,entropy,1e-06,0.6239562623126315,0.016885018684983762,0.5584553603252578,0.007722367642541491,1.3442243301999952,0.017009333399983007
0.625,18.0,2,entropy,1e-05,0.5937095418654279,0.017423790188722636,0.5576806083777439,0.016203270941594083,1.4808252726000775,0.02026789460001055
0.625,18.0,2,entropy,0.0,0.5934721032642168,0.0174929713310671,0.5574522993881459,0.016244482556520973,1.3350300395999966,0.017802149800036204
0.625,18.0,2,entropy,1e-06,0.5934785836900358,0.01750578300450188,0.557446922698782,0.016233016480066965,1.4055981804000113,0.0173189574000844
0.75,18.0,2,entropy,1e-05,0.591770908978253,0.012550382816253206,0.556583143470806,0.016519189054660044,1.4667812002000573,0.01783280419995208
0.75,18.0,2,entropy,0.0,0.5916792922659719,0.012679477728575325,0.5564546643716042,0.016616800966462578,1.3900966810000681,0.017160771199905868
0.75,18.0,2,entropy,1e-06,0.5916749911907031,0.012680709247430557,0.5564480590050724,0.01662574488280026,1.551893284400012,0.01904128359992683
0.625,18.0,1,gini,1e-05,0.5790925752133411,0.006835448766509557,0.5555449145677432,0.0066861685994407906,0.8681955236000249,0.017275403400026333
0.625,18.0,1,gini,1e-06,0.5788808826270303,0.006938344611028143,0.5553009314501571,0.006736191634678953,0.8564617463999639,0.017482204399993862
0.625,18.0,1,gini,0.0,0.5788319230187072,0.006873521184415944,0.555269007690743,0.006747675764529685,0.8725079983999876,0.01893633900003806
0.625,18.0,2,gini,1e-05,0.5931013961548158,0.01194331888519499,0.5551779495332465,0.012255917952008654,0.9704867702000228,0.018192322400000193
0.625,18.0,2,gini,1e-06,0.5928199814760818,0.012027866168964526,0.5549294637242415,0.012262641774330243,0.9285152819999893,0.019540807600014885
0.625,18.0,2,gini,0.0,0.5927710218677587,0.01202722065702673,0.5548978696618645,0.012280289292370001,0.9499066981999931,0.018542478799963645
0.625,13.0,1,entropy,1e-05,0.6130492699664718,0.014181249038023121,0.5542098859333664,0.010129663103409764,1.2678827927999918,0.01726611459994274
0.625,13.0,1,entropy,1e-06,0.6130647310838038,0.014247040479360191,0.5541903165551202,0.010206851237188444,1.2863358900000548,0.017180438000059438
0.625,13.0,1,entropy,0.0,0.6130647310838038,0.014247040479360191,0.5541903165551202,0.010206851237188444,1.3152364333999231,0.019735053600015817
0.75,13.0,1,entropy,1e-05,0.6235319136244206,0.015107263609138033,0.5540450845915001,0.0064953425237448265,1.2642113145999248,0.016566207200048665
0.75,13.0,1,entropy,1e-06,0.6235383980846921,0.015136809137683253,0.5540382938671847,0.006494425841210469,1.2996990049999113,0.018683736999901158
0.75,13.0,1,entropy,0.0,0.6235383980846921,0.015136809137683253,0.5540382938671847,0.006494425841210469,1.331287962999977,0.017622878800102625
0.75,18.0,2,gini,1e-05,0.5943148457380245,0.005794440303750528,0.5535997675968207,0.009567049627296435,0.8547066740001356,0.016353985800014924
0.75,18.0,2,gini,1e-06,0.5942084449913135,0.005608200273859883,0.553372668390167,0.009517089134568908,0.8424787373999607,0.016273587200066685
0.75,18.0,2,gini,0.0,0.5942034962438416,0.005614885729168468,0.5533350850405913,0.009456063206719297,0.8580627467999875,0.0160751846000494
0.75,13.0,2,gini,1e-05,0.6282479153008337,0.008692073764048088,0.5533038067387345,0.010844841659843708,0.7702569268000843,0.016214590200161184
0.75,13.0,2,gini,0.0,0.6282281924986051,0.00874353110067721,0.5532870074045144,0.010855522513610084,0.7456777617999251,0.0156145967998782
0.75,13.0,2,gini,1e-06,0.6282281924986051,0.00874353110067721,0.5532870074045144,0.010855522513610084,0.7871752071999254,0.01627458539996951
0.875,18.0,5,entropy,1e-05,0.626388139642013,0.01755312398439453,0.553125530067929,0.013558518323538129,1.345923154600132,0.01828272819993799
0.875,18.0,5,entropy,0.0,0.6262040339600247,0.017447135796742404,0.5530242470513673,0.013429847941305938,1.3405762158000472,0.01821513459999551
0.875,18.0,5,entropy,1e-06,0.6262040339600247,0.017447135796742404,0.5530242470513673,0.013429847941305938,1.3115157987999737,0.01729973900000914
0.875,18.0,5,gini,1e-05,0.6216476656234947,0.027315676211741365,0.5523262829089386,0.022811582585348062,0.8739537218000806,0.017481077200045547
0.875,18.0,5,gini,0.0,0.6212981400791168,0.027348254269231213,0.5522121705194406,0.022828556147979275,0.8412401973999295,0.018732312600059232
0.875,18.0,5,gini,1e-06,0.6212891553531509,0.027347138557999008,0.5521839574407357,0.022834533900285135,0.8735434760000317,0.017856189400026777
0.625,18.0,5,gini,1e-05,0.6153710280306958,0.01967209071842752,0.5521061554875926,0.012310239043366807,0.9297316411999873,0.02067295019996891
0.625,18.0,5,gini,0.0,0.6152912212078929,0.019553550450228583,0.5520208434998037,0.012264794324125033,0.9751277319999645,0.018855236599983984
0.625,18.0,5,gini,1e-06,0.615282236481927,0.01956259979985172,0.5520096033356356,0.012276208522623079,0.9780886726000517,0.019103741000026275
0.75,13.0,5,entropy,1e-05,0.6434914148130682,0.02176013451393338,0.5516926718067382,0.012262002923008485,1.242089962800128,0.016063298799963377
0.75,13.0,5,entropy,0.0,0.6434422509392861,0.021735957489450237,0.5516420569751948,0.012212291833356603,1.2239408446000197,0.016207280199978413
0.75,13.0,5,entropy,1e-06,0.6434422509392861,0.021735957489450237,0.5516420569751948,0.012212291833356603,1.2700923575998786,0.017414786399876904
0.625,13.0,1,gini,1e-05,0.6199196255275126,0.018264150538752147,0.5513438797444288,0.0179134487657367,0.7806899512000655,0.015934020199983932
0.875,18.0,2,gini,1e-05,0.5965642434789501,0.01915214134412937,0.5512033567451862,0.017566957777624896,0.889974780600005,0.01705945799994879
0.625,13.0,1,gini,1e-06,0.6197688822136098,0.01819081591504473,0.5511805291827974,0.017777202872472146,0.8284816121999938,0.017929978599977404
0.625,13.0,1,gini,0.0,0.6197688822136098,0.01819081591504473,0.5511805291827974,0.017777202872472146,0.8198897210000269,0.0216968086000179
0.625,13.0,2,gini,1e-05,0.6227830987385022,0.021488599819139316,0.5510761747014487,0.018813772194402698,0.8025532329999805,0.01717230439994637
0.875,18.0,2,gini,0.0,0.5964771607847446,0.01920327688913144,0.551061460535218,0.017707988307943845,0.880823467799928,0.017638976399939565
0.875,18.0,2,gini,1e-06,0.5964192463768665,0.019165815439007406,0.551017129230734,0.017686174861703804,0.866444613600106,0.019286411800112545
0.625,13.0,2,gini,1e-06,0.6226414395999627,0.021391694404329226,0.5509035173501795,0.018663376715590218,0.8245862882000893,0.018245646399964243
0.625,13.0,2,gini,0.0,0.6226414395999627,0.021391694404329226,0.5509035173501795,0.018663376715590218,0.9092141932000686,0.01946915019998414
0.75,18.0,1,gini,1e-05,0.5821212412816592,0.009959107295502012,0.5506024640988219,0.006918113563366917,0.9694394682001075,0.016556741000113107
0.625,18.0,1,entropy,1e-05,0.5709113864717298,0.016575027206293294,0.5505943640551699,0.014170715356707489,1.3709262204000425,0.016947672200012677
0.625,18.0,1,entropy,1e-06,0.570746623939609,0.01662631368607876,0.5503793541655153,0.014182079678681823,1.4496527364000484,0.01748345339997286
0.625,18.0,1,entropy,0.0,0.5706911839054669,0.01668617865398557,0.5503512247754566,0.0142387862769465,1.4830063908000284,0.018634585600011633
0.75,18.0,1,gini,1e-06,0.5817149311179588,0.009664222725375366,0.5502564040002427,0.006768860617101057,1.0090504804000375,0.01871066300000166
0.75,18.0,1,gini,0.0,0.5816855025663253,0.009732315131383848,0.5502025675755527,0.006816258112966875,0.9569907739998598,0.020049213799848076
0.75,18.0,5,entropy,1e-05,0.618280358547384,0.0181704387078498,0.5501514941129706,0.016220279464341444,1.3363951384000756,0.01607780599997568
0.625,18.0,5,entropy,1e-05,0.608535970738413,0.015889845080589448,0.5500809720909237,0.016466560160251834,1.5885103453999818,0.020136689999981174
0.75,18.0,5,entropy,1e-06,0.6181135342821982,0.018224378226185625,0.5499847228361963,0.016267989588890787,1.3382709757998783,0.0176217700000052
0.75,18.0,5,entropy,0.0,0.6181135342821982,0.018224378226185625,0.5499842483252834,0.016267251421447675,1.3634241171998838,0.017890872200041485
0.625,18.0,5,entropy,1e-06,0.6081869066287371,0.016204014484671847,0.5497162075173317,0.016647062326807942,1.555763299399996,0.018825461999949767
0.625,18.0,5,entropy,0.0,0.6081714414769523,0.016183564973236305,0.5497104068809813,0.01663675347161462,1.6300154114000178,0.018471921600030326
0.625,13.0,5,entropy,1e-05,0.6327486930249332,0.01896327854477022,0.5492282236062069,0.016010206838281225,1.2640158789999532,0.01540965359999973
0.625,13.0,5,entropy,0.0,0.6327630729503795,0.019045961199873486,0.5491944846426249,0.016088379642682588,1.2743062769999596,0.016181634199983818
0.625,13.0,5,entropy,1e-06,0.6327630729503795,0.019045961199873486,0.5491944846426249,0.016088379642682588,1.2470986615999664,0.017116111199948138
0.75,13.0,1,gini,1e-05,0.6184055029634267,0.010225168731452796,0.5491755244743923,0.009921465736771329,0.7610459654000806,0.018336798399832332
0.75,13.0,1,gini,1e-06,0.6183655159777115,0.01029777463969413,0.5491433136878032,0.00993588988001275,0.7957853445998808,0.017897811399961938
0.75,13.0,1,gini,0.0,0.6183655159777115,0.01029777463969413,0.5491433136878032,0.00993588988001275,0.8149566701998993,0.022115950799980057
0.875,18.0,2,entropy,1e-05,0.5911281512350847,0.020486458655430494,0.5489564755681435,0.020122449905966382,1.4310308776000966,0.018720022599973164
0.875,13.0,2,entropy,1e-05,0.6271842772419138,0.019570116837555024,0.5489247491741901,0.023012767370706302,1.3604909281999427,0.020165545599866164
0.875,13.0,2,entropy,0.0,0.6271508086773336,0.0195894657669568,0.5489030399081039,0.023080649678174615,1.3391620836001494,0.017661989000043832
0.875,18.0,2,entropy,0.0,0.5911028513013595,0.020567261057590012,0.5488948191763706,0.02011363582033049,1.3625005758000044,0.018534218600143502
0.875,13.0,2,entropy,1e-06,0.6271263587995831,0.019604390612034773,0.5488875156706057,0.023075074986161744,1.3698660460000611,0.021239622200209852
0.875,18.0,2,entropy,1e-06,0.5910629063454133,0.02057631882184936,0.548871418427563,0.02011657275798162,1.4439602074001414,0.018198047799887717
0.625,13.0,5,gini,1e-05,0.6324853923336274,0.019687566794165834,0.5486693583502681,0.016198962041925887,0.8725917381999352,0.01887429780003913
0.875,13.0,5,entropy,1e-05,0.6480457870804341,0.015603400378775818,0.5486517578031627,0.019490199586041722,1.2770432367999092,0.019332954000037716
0.875,13.0,5,entropy,1e-06,0.6480231339778052,0.015629851891658882,0.5486312732231265,0.019518193322149425,1.277527492399986,0.018417473800127482
0.875,13.0,5,entropy,0.0,0.6480231339778052,0.015629851891658882,0.5486312732231265,0.019518193322149425,1.214326400400023,0.017314109000108147
0.625,13.0,5,gini,0.0,0.6323875968570777,0.0195443876295406,0.5485893906958413,0.016112751774101194,0.7406566175999615,0.015369072799967399
0.625,13.0,5,gini,1e-06,0.6323875968570777,0.0195443876295406,0.5485893906958413,0.016112751774101194,0.7813056010000764,0.016885395399958723
0.75,18.0,5,gini,1e-05,0.6147316733808219,0.016296119110542295,0.5484153217056146,0.01686936903001474,0.8896035428001596,0.017364031000033718
0.75,18.0,5,gini,0.0,0.6146841795248782,0.016389145398870132,0.5484056185074973,0.016848736062605934,0.8426146953997886,0.016630778000035207
0.75,18.0,5,gini,1e-06,0.6146841795248782,0.016389145398870132,0.5484056185074973,0.016848736062605934,0.8815830366000228,0.018707902799815202
0.875,13.0,2,gini,1e-05,0.6298099869047264,0.025094486538610624,0.5481940126555683,0.016802031396913056,0.7821357799999532,0.018982901199979096
0.875,13.0,2,gini,0.0,0.6297199074295636,0.025125005747962347,0.5481282351887609,0.016912149462423788,0.7675982931998988,0.017976893200011546
0.875,13.0,2,gini,1e-06,0.6297199074295636,0.025125005747962347,0.5481282351887609,0.016912149462423788,0.7415243335998639,0.01964229819996035
0.75,18.0,1,entropy,1e-05,0.5660627793912514,0.009314616119307598,0.5472199878413255,0.015591015073710884,1.4610590272000992,0.016952354999921225
0.75,18.0,1,entropy,0.0,0.5660749320634513,0.009460222056009993,0.5471171442547854,0.015646656345215868,1.4199019055999087,0.015936807800153475
0.75,18.0,1,entropy,1e-06,0.5660749320634513,0.009460222056009993,0.5471171442547854,0.015646656345215868,1.4520633490001273,0.01617282939996585
0.875,13.0,5,gini,0.0,0.6399123335268442,0.026695993517803697,0.5466662650229729,0.016459986724742325,0.7878438905999247,0.0177972716000113
0.875,13.0,5,gini,1e-06,0.6399033488008783,0.02669723424358426,0.5466385793198636,0.016472834581488623,0.7784870818000854,0.018441136999899754
0.875,13.0,5,gini,1e-05,0.6399791108574368,0.026719838186398715,0.5466268222186532,0.016490013745616077,0.7944189326000014,0.01750582779986871
0.75,13.0,5,gini,1e-05,0.6311387583180235,0.01602564827078967,0.5461750981093758,0.015017850687194108,0.7441954846000044,0.015419863400074974
0.75,13.0,5,gini,1e-06,0.6311140362530867,0.01605559966831107,0.5461354656861179,0.015011773425018088,0.7800715956000204,0.016291400800037083
0.75,13.0,5,gini,0.0,0.6311140362530867,0.01605559966831107,0.5461354656861179,0.015011773425018088,0.739840120000008,0.01703703700004553
0.875,,5,entropy,1e-05,0.6080548173298295,0.014958863566891191,0.5435947770011407,0.011066500342518262,1.3934846086000108,0.019325895000019955
0.875,,5,entropy,0.0,0.6076553469082642,0.014645180460206408,0.5433490772028218,0.010821274981708796,1.4280870188000336,0.017888757400032772
0.875,,5,entropy,1e-06,0.6076553469082642,0.014645180460206408,0.5433490772028218,0.010821274981708796,1.3751834988000156,0.017479493400060164
0.625,10.0,2,entropy,1e-06,0.6364150477428903,0.018703032376235204,0.5425998689781842,0.02267281822173416,1.2050545729999158,0.019549326400010614
0.625,10.0,2,entropy,1e-05,0.6364150477428903,0.018703032376235204,0.5425998689781842,0.02267281822173416,1.154694939800038,0.017244766000021627
0.625,10.0,2,entropy,0.0,0.6364150477428903,0.018703032376235204,0.5425998689781842,0.02267281822173416,1.1805042832000254,0.017384687799994934
0.875,13.0,1,gini,1e-05,0.6160128282317059,0.014445581859941579,0.542566583855298,0.01110571094426224,0.7411450305999097,0.017554985000060697
0.875,13.0,1,gini,1e-06,0.6158656072189594,0.014592037409195452,0.5424202091646975,0.011323137393710452,0.7318417006001254,0.01652379260003727
0.875,13.0,1,gini,0.0,0.6158656072189594,0.014592037409195452,0.5424202091646975,0.011323137393710452,0.7439687605999097,0.017498963000070943
0.875,13.0,1,entropy,0.0,0.6116207372510173,0.013514433293354689,0.5417007242721766,0.0208366856733464,1.2713805163998586,0.018107416200018635
0.875,13.0,1,entropy,1e-05,0.6116052761336851,0.013516515120203312,0.5416890319739587,0.020805025147472914,1.2961399449999589,0.01913023820006856
0.875,13.0,1,entropy,1e-06,0.6115962873732667,0.013528106717339602,0.5416852512862576,0.020830198069828366,1.2468226398000297,0.017096367799967992
0.875,18.0,1,gini,1e-05,0.5735470709526901,0.010370624876860187,0.5407285141166914,0.010993442016602701,0.8752676950000022,0.018313327599935293
0.625,10.0,5,entropy,1e-06,0.6389322173817438,0.020624033535116017,0.54072256957636,0.020616050858960937,1.1716115384000205,0.017344265599967913
0.625,10.0,5,entropy,0.0,0.6389322173817438,0.020624033535116017,0.54072256957636,0.020616050858960937,1.1668028082000093,0.01678401780004606
0.625,10.0,5,entropy,1e-05,0.6389322173817438,0.020624033535116017,0.54072256957636,0.020616050858960937,1.1298439994000546,0.018298288799996953
0.625,10.0,1,entropy,1e-05,0.6314998739746593,0.021300055725445792,0.5403978526064598,0.023450833373912603,1.1631376279999586,0.019566028200006257
0.625,10.0,1,entropy,0.0,0.6314998739746593,0.021300055725445792,0.5403978526064598,0.023450833373912603,1.1969876141999976,0.01933557799998198
0.625,10.0,1,entropy,1e-06,0.6314998739746593,0.021300055725445792,0.5403978526064598,0.023450833373912603,1.1538052656000217,0.01782163019993277
0.875,18.0,1,gini,0.0,0.5727781453188558,0.010483766714744115,0.5401268700591622,0.011321456705770661,0.9398357768001006,0.019998986400059947
0.875,18.0,1,gini,1e-06,0.572766686219154,0.010505470607358446,0.5400915450193237,0.011368486018986131,0.9672415493999325,0.01830568699997457
0.75,,2,entropy,1e-05,0.5604505340705923,0.014485136740930722,0.5380395434924582,0.01565010186733446,1.6803982510001334,0.018337678799889547
0.875,18.0,1,entropy,0.0,0.5645188599475242,0.013722294584489281,0.5379003934089231,0.01601306494564224,1.3872409714000242,0.018136720400161722
0.875,18.0,1,entropy,1e-06,0.5645009204220034,0.013707609230581156,0.5378800307587956,0.01600080539264443,1.4445457785999678,0.01998554840001816
0.875,18.0,1,entropy,1e-05,0.5644387089733092,0.01368573941817229,0.5378711824673315,0.016051063330232665,1.4745191291999618,0.017971444399972825
0.75,,2,entropy,1e-06,0.5601680520310003,0.014324601428532759,0.5376085204033803,0.01568193732358448,1.70677319360002,0.01833853580010327
0.75,,2,entropy,0.0,0.560118164505077,0.014393944400960822,0.537570781655323,0.01568550812509231,1.7227915235999718,0.018597787600174342
0.75,,5,entropy,1e-05,0.5955316948908993,0.016855290634329858,0.5368997114851871,0.013554301918888208,1.4265706024000793,0.016461003600034017
0.75,,5,entropy,1e-06,0.5953152398521564,0.01670579418455091,0.5367531934832818,0.01334503890099645,1.530512472800001,0.016210264399978767
0.75,,5,entropy,0.0,0.5953152398521564,0.01670579418455091,0.5367526335728968,0.013344241809600787,1.5941656265999882,0.018317737199959085
0.875,,5,gini,1e-05,0.5951717755494779,0.022547660665259314,0.5357530831893014,0.015951234745224488,0.9098324976000185,0.017026749399974506
0.875,,5,gini,0.0,0.594485306751161,0.022892886050163524,0.5355488330285942,0.016243820982047966,0.9067332950000491,0.017604484599814896
0.875,,5,gini,1e-06,0.5944983055981151,0.022812281341826345,0.5355314732962692,0.01617942632211249,0.9066105425999922,0.018480010600069364
0.875,,2,entropy,1e-05,0.5570996685463344,0.020099444609903955,0.535150351225379,0.015901803953742976,1.5100950054001259,0.019368994000069507
0.625,,2,entropy,1e-05,0.558318722180337,0.01713258967240216,0.5351369287091259,0.013488045380823412,1.6474892264000118,0.017652455399957034
0.875,,2,entropy,0.0,0.5567764886168997,0.020237455416303906,0.5347054874541033,0.0160070074251603,1.5901885368000876,0.02171898919996238
0.875,,2,entropy,1e-06,0.5566480744345228,0.020248846478598762,0.534603406118225,0.016040144777840486,1.5890033875998597,0.023018039200087513
0.625,,2,entropy,1e-06,0.5576011358411364,0.017121728009429675,0.5343307789487595,0.013472397090700618,1.739595233600039,0.023022970999954852
0.625,,2,entropy,0.0,0.557532730920904,0.017119818659054823,0.5342840442909642,0.013485328038353596,1.7050162618000286,0.019258572000035203
0.625,,5,entropy,1e-05,0.5858707807951566,0.016974348386596675,0.5335603538900315,0.015817615237040523,1.4844390006000139,0.01806438400008119
0.625,,5,entropy,1e-06,0.5856915151126236,0.017128412642717562,0.5333365512175551,0.01585956598407304,1.555262658600077,0.018113235999953757
0.625,,5,entropy,0.0,0.5856760499608388,0.017111570317192293,0.5333253067946948,0.015840495075571177,1.5485473094001463,0.018137836000096285
0.875,10.0,2,entropy,1e-05,0.6405592945493113,0.02966179361665854,0.5316003617611298,0.01397555696369669,1.1151711912000792,0.018322742199961793
0.875,10.0,2,entropy,0.0,0.6405348147451497,0.02967785107550992,0.531584736316804,0.01398355624448716,1.1319516862000456,0.01649176320006518
0.875,10.0,2,entropy,1e-06,0.6405348147451497,0.02967785107550992,0.531584736316804,0.01398355624448716,1.0678813042000912,0.0160480008000377
0.875,10.0,5,entropy,1e-05,0.6505320957409471,0.027650899683187218,0.5306699139371421,0.011763503632192912,1.1092283680000037,0.017392470599952504
0.875,10.0,5,entropy,0.0,0.6504961568370836,0.02769423227859453,0.5306231811888849,0.011814055609531705,1.0949982131999605,0.01734948700013774
0.875,10.0,5,entropy,1e-06,0.6504961568370836,0.02769423227859453,0.5306231811888849,0.011814055609531705,1.1372770736000348,0.01596006780009702
0.875,,2,gini,1e-05,0.5544299317155412,0.008136350394206543,0.5303385898279886,0.0075979758126508545,1.101177995999933,0.022027943200100708
0.75,,5,gini,1e-05,0.5839755047028277,0.019257254211951267,0.529927818012272,0.017181604491141606,0.9084952452000834,0.01818210100000215
0.75,,5,gini,0.0,0.583753486056967,0.019368369323113803,0.5299056272839697,0.017195045159540977,0.9063783671999772,0.01592118960006701
0.75,,5,gini,1e-06,0.5837159855483456,0.019418278898286765,0.5298855473825919,0.017217396667914848,0.8738077169999997,0.01577483300006861
0.875,10.0,1,entropy,1e-05,0.6360580322714806,0.030386834714251083,0.5296859908681943,0.01565632506716035,1.095557163000103,0.016950764800003525
0.875,10.0,1,entropy,1e-06,0.6360335524673191,0.030398314039956457,0.5296704202395619,0.01566292878717522,1.0594498548000046,0.01552738659993338
0.875,10.0,1,entropy,0.0,0.6360335524673191,0.030398314039956457,0.5296704202395619,0.01566292878717522,1.08645815580021,0.015586905400050454
0.875,,2,gini,0.0,0.5531230778749292,0.008798774918604741,0.5292178313899589,0.007570731513772219,0.942964502599807,0.019127199400190874
0.875,,2,gini,1e-06,0.5530371946589734,0.00880216273838129,0.5291515627607406,0.007606466506445949,0.9776533226000538,0.018953317399973458
0.75,,1,entropy,1e-05,0.5346314371394624,0.01598952628349498,0.5288663962080123,0.015837711902845414,1.5835021263999807,0.017732155599969702
0.625,,5,gini,1e-05,0.5865315004003324,0.020417103755066897,0.5286672731614201,0.012885143063974666,0.9284997865999685,0.01781438779999007
0.75,,1,entropy,1e-06,0.5345583045614573,0.015796994330844978,0.528583246546255,0.01570725325114953,1.5843713154000398,0.01820375340003011
0.75,,1,entropy,0.0,0.5345536209107602,0.015796417495618147,0.5285780604466246,0.015704443264056164,1.6969829703999495,0.019947244999912073
0.625,,5,gini,1e-06,0.5859417637519532,0.01986446860455764,0.5279824463746878,0.012554283904611888,0.9278391354001542,0.01741810200001055
0.625,,5,gini,0.0,0.5858888280179579,0.019833856159191175,0.5279482899343027,0.0125004644996305,0.96331150420001,0.019929554399914194
0.75,,2,gini,1e-05,0.5482012833749688,0.009608505309066796,0.527625788419867,0.011422932516623404,1.0218096823999985,0.019547487200088653
0.75,,2,gini,1e-06,0.5477672294665545,0.00932979829412644,0.5268186029384738,0.01141652939296971,0.9464583533999757,0.01649811019997287
0.75,,2,gini,0.0,0.5478281554472096,0.009266345697635299,0.5268167737068167,0.011335820925321581,1.0520955089999007,0.02021539480001593
0.625,,1,entropy,1e-05,0.5302262683875625,0.015904408540816997,0.5243177514424041,0.010589126585478312,1.6559556032000728,0.018815887800064955
0.625,,1,entropy,1e-06,0.5296086979814139,0.015564943477268223,0.5235661669060152,0.010295058814122503,1.7169946340000024,0.0186106466000183
0.625,,2,gini,1e-05,0.54655373404786,0.010015448557173193,0.523487433304519,0.012021068376980987,1.097938291599894,0.019721178399686325
0.625,,1,entropy,0.0,0.5294913334528581,0.015651674047321304,0.5234745823812051,0.010392972346408933,1.6799732102000235,0.019206370600022636
0.75,10.0,2,entropy,1e-05,0.649840337138927,0.02328133817545986,0.523338808586338,0.013322826456368812,1.1105491869999242,0.016875060600068537
0.75,10.0,2,entropy,0.0,0.649800388148528,0.023354209921991418,0.5233196616699503,0.013370095333620276,1.1599290694000046,0.019133837999925164
0.75,10.0,2,entropy,1e-06,0.649800388148528,0.023354209921991418,0.5233196616699503,0.013370095333620276,1.090456914799961,0.01699616320020141
0.875,10.0,1,gini,1e-05,0.6529687071463698,0.022161913331699187,0.523261676114149,0.005634117650098499,0.7062020650001614,0.018518691400004172
0.875,10.0,1,gini,1e-06,0.6528197047892197,0.02218555646121616,0.523159418835178,0.0056021893541337514,0.6932754890000978,0.017799783800001023
0.875,10.0,1,gini,0.0,0.6528197047892197,0.02218555646121616,0.523159418835178,0.0056021893541337514,0.650875007400009,0.01876424860001862
0.875,10.0,2,gini,1e-05,0.653669126148858,0.022428845870999994,0.5230405445828681,0.005364014548894499,0.6697488477999286,0.01751153559998784
0.875,10.0,2,gini,1e-06,0.6535982468548894,0.022408464169071676,0.5230057366177701,0.00537616139401748,0.6455003854000096,0.01723853380017317
0.875,10.0,2,gini,0.0,0.6535982468548894,0.022408464169071676,0.5230057366177701,0.00537616139401748,0.6354790150001464,0.016504856000028666
0.75,10.0,5,entropy,1e-05,0.6526010702483729,0.024111973341044417,0.5227353473364538,0.013808644351798058,1.0446037299998352,0.015306504399904951
0.75,10.0,5,entropy,1e-06,0.6525741160704754,0.024147308765645133,0.5226999551946075,0.013861328289267906,1.1602868267999837,0.017869696600155294
0.75,10.0,5,entropy,0.0,0.6525741160704754,0.024147308765645133,0.5226999551946075,0.013861328289267906,1.1990173058000437,0.01666112879993307
0.625,,2,gini,1e-06,0.5452760295522625,0.010393769032961901,0.5221191702720898,0.012289891907504513,0.9736650987999838,0.016822092200072802
0.75,10.0,1,entropy,1e-06,0.6429537987083631,0.025785239793389546,0.5220590563666097,0.012711876647247614,1.1286516429998301,0.018361283800004458
0.75,10.0,1,entropy,0.0,0.6429537987083631,0.025785239793389546,0.5220590563666097,0.012711876647247614,1.1208972847999576,0.016532004400050936
0.625,,2,gini,0.0,0.5451921036618759,0.010392586801832164,0.5220545314666951,0.012272872218964235,1.012496711799986,0.01811231360002239
0.75,10.0,1,entropy,1e-05,0.6429448180168498,0.025766867230729244,0.5220471733202686,0.01270392093503601,1.1754453360000299,0.017227240999909556
0.875,10.0,5,gini,1e-05,0.6531048931060954,0.02296997001428467,0.5218722658445172,0.004836102208130645,0.6570834870000908,0.01554946200003542
0.875,10.0,5,gini,1e-06,0.653073902949704,0.02295664154829249,0.521864281294374,0.004849246451620286,0.7036479437999332,0.016377592799926788
0.875,10.0,5,gini,0.0,0.653073902949704,0.02295664154829249,0.521864281294374,0.004849246451620286,0.6627176553998652,0.020251402200119627
0.875,,1,entropy,1e-05,0.5260335137834034,0.011345361259823957,0.5211987010671736,0.010251423668437806,1.4797607621999305,0.019246848999864598
0.875,,1,entropy,0.0,0.5258279607552726,0.011384578871688502,0.5208345160072888,0.010322968446396326,1.5680881428001157,0.02022763800005123
0.875,,1,entropy,1e-06,0.5257455705776857,0.011404422654115984,0.5207591088985968,0.01032189845813513,1.6175445293999473,0.020251519399880635
0.625,10.0,5,gini,0.0,0.6181111157523826,0.02216480521572526,0.5191769412282664,0.014585954739591437,0.6653606156000478,0.01684637500002282
0.625,10.0,5,gini,1e-05,0.6181111157523826,0.02216480521572526,0.5191769412282664,0.014585954739591437,0.6886302074000014,0.0198618400000214
0.625,10.0,5,gini,1e-06,0.6181111157523826,0.02216480521572526,0.5191769412282664,0.014585954739591437,0.6801030764000189,0.01790819040002134
0.625,10.0,1,gini,1e-05,0.6131723122036161,0.020441166190408033,0.5184199176204815,0.014514414288794759,0.6720518676000665,0.016785027800005993
0.625,10.0,1,gini,0.0,0.6131013431304149,0.020523473914953072,0.5183940341043215,0.014580299244793508,0.7200695233999795,0.021047906800049532
0.625,10.0,1,gini,1e-06,0.6131013431304149,0.020523473914953072,0.5183940341043215,0.014580299244793508,0.6970678680000674,0.016694896799981505
0.625,10.0,2,gini,0.0,0.6128753417254819,0.02044735486427765,0.5177230022203603,0.014213224623987867,0.6955172351999408,0.018722342399996705
0.625,10.0,2,gini,1e-06,0.6128753417254819,0.02044735486427765,0.5177230022203603,0.014213224623987867,0.7405083271999502,0.0179959288000191
0.625,10.0,2,gini,1e-05,0.6128818561121643,0.020406886775905186,0.5177150373466506,0.014167444005750485,0.6825330935999319,0.017585293399997683
0.75,,1,gini,1e-05,0.5206835159228872,0.0060144507349668246,0.5174175394986935,0.0040991256859884756,1.1138076552001621,0.019376149799882114
0.75,10.0,5,gini,0.0,0.6267491917970608,0.01455325882328249,0.5170219319400392,0.008046303147572629,0.6621275738000805,0.01904133779989934
0.75,10.0,5,gini,1e-06,0.6267491917970608,0.01455325882328249,0.5170219319400392,0.008046303147572629,0.6517076816000553,0.015697234200160892
0.75,10.0,5,gini,1e-05,0.6267182614934912,0.01454146944788034,0.5170134908791522,0.008053319954811513,0.6395684357999926,0.015668014400034735
0.75,10.0,1,gini,1e-05,0.6199290015033362,0.009569603501614824,0.5164166836212125,0.007216542293052108,0.6802893357998983,0.015261187399846676
0.75,10.0,1,gini,0.0,0.6198400629782033,0.009655029038684147,0.5163660911474486,0.007213385437901888,0.6441940875999534,0.01638251920012408
0.75,10.0,1,gini,1e-06,0.6198400629782033,0.009655029038684147,0.5163660911474486,0.007213385437901888,0.6513875100000405,0.017532306400244124
0.625,,1,gini,1e-05,0.5189138875336773,0.009425477627153223,0.5163586019321034,0.009698337926654633,1.1294667205999303,0.01891433400001006
0.75,10.0,2,gini,1e-05,0.6200821952311943,0.00957854646218568,0.5162121404343677,0.007353126447535296,0.6892664425999101,0.016634172999965814
0.75,10.0,2,gini,0.0,0.6200577113925803,0.009646101689877092,0.516197462391091,0.007343885908759766,0.6978818443997625,0.017996081000183038
0.75,10.0,2,gini,1e-06,0.6200577113925803,0.009646101689877092,0.516197462391091,0.007343885908759766,0.7756588720000763,0.025427138599934552
0.875,,1,gini,1e-05,0.520915779723865,0.009530288871653608,0.5158101413226914,0.009147319754743597,1.1047217596001246,0.01843822100008765
0.75,,1,gini,0.0,0.5173348991012452,0.005107515314750534,0.5149071834353631,0.003730657360353694,1.1103163363999555,0.024088738600130454
0.75,,1,gini,1e-06,0.5172585378952163,0.005156851599663347,0.5148942467195161,0.003802191101865478,1.0647277489999396,0.018630344199937098
0.625,,1,gini,1e-06,0.5170978541735528,0.010025658438683234,0.5145468592060006,0.010359728003234425,1.1097108595999998,0.018600709200063646
0.625,,1,gini,0.0,0.5169584882490244,0.009974816245463591,0.5144333745921603,0.01030820435943525,1.0691976441999942,0.022023407600045175
0.875,,1,gini,0.0,0.5165957459931243,0.00763278353228951,0.5128520677764651,0.007452240935854818,1.0471655905999797,0.02145895339990602
0.875,,1,gini,1e-06,0.5165558867819582,0.007629388230554316,0.5128121355413244,0.007509579490145615,1.03591690559997,0.018945211000027485
